freq_hz,wsi,loc,grad,phase_disorder,coh_mean,admissible
10.00,0.0639,0.4230,0.8848,0.2477,0.9291,true
11.99,0.1356,0.3098,0.7562,0.3338,0.9282,true
13.98,0.1599,0.3097,0.5665,0.3528,0.9181,true
15.98,0.1616,0.1647,0.2804,0.3489,0.9181,true
17.97,0.0805,0.2177,0.1998,0.3219,0.9355,true
19.96,0.0525,0.3744,0.5985,0.4206,0.8924,true
21.95,0.1183,0.4994,0.6747,0.4542,0.9531,true
23.94,0.1185,0.3933,0.3400,0.3068,0.9451,true
25.94,0.0609,0.1738,0.4099,0.3413,0.8715,true
27.93,0.0868,0.2691,0.7939,0.4059,0.9390,true
29.92,0.1707,0.2950,0.7357,0.4480,0.8821,true
31.91,0.1752,0.1298,0.5743,0.3030,0.8888,true
33.90,0.1996,0.4961,0.3614,0.4299,0.9117,true
35.90,0.1256,0.4734,0.1772,0.2690,0.8862,true
37.89,0.0822,0.2331,0.3933,0.2955,0.9405,true
39.88,0.0879,0.2480,0.4101,0.3385,0.9368,true
41.87,0.0506,0.2618,0.4979,0.3331,0.9644,true
43.86,0.0886,0.4497,0.8213,0.3716,0.9001,true
45.86,0.1706,0.4026,0.7218,0.3593,0.8830,true
47.85,0.1719,0.3277,0.4924,0.4412,0.9669,true
49.84,0.1693,0.1384,0.5686,0.4704,0.8828,true
51.83,0.1987,0.3467,0.2423,0.4660,0.9418,true
53.82,0.0759,0.3643,0.1351,0.3686,0.9051,true
55.82,0.0658,0.4071,0.5371,0.2342,0.9052,true
57.81,0.0911,0.3440,0.6036,0.3850,0.9342,true
59.80,0.1055,0.1353,0.6267,0.4406,0.8821,true
61.79,0.1393,0.4660,0.3926,0.3842,0.8790,true
63.78,0.0674,0.4017,0.3652,0.4134,0.9024,true
65.78,0.0911,0.2062,0.4631,0.2532,0.8715,true
67.77,0.0554,0.2561,0.3961,0.3088,0.9291,true
69.76,0.0544,0.2192,0.6599,0.3901,0.9029,true
71.75,0.1158,0.1739,0.4944,0.4178,0.9129,true
73.74,0.0538,0.4390,0.6756,0.3421,0.9405,true
75.74,0.1820,0.4595,0.4978,0.3336,0.8901,true
77.73,0.0545,0.1235,0.4563,0.3912,0.9451,true
79.72,0.1675,0.2231,0.6198,0.4510,0.8999,true
81.71,0.1002,0.4720,0.2326,0.3541,0.9551,true
83.70,0.0705,0.4045,0.6353,0.3195,0.9288,true
85.70,0.1516,0.4928,0.7375,0.3805,0.9445,true
87.69,0.1595,0.2552,0.6227,0.3113,0.9342,true
89.68,0.1984,0.4854,0.3621,0.4049,0.8829,true
91.67,0.1102,0.3944,0.2355,0.2891,0.8817,true
93.66,0.1024,0.3708,0.5302,0.2947,0.9071,true
95.66,0.1229,0.3635,0.5022,0.2765,0.8736,true
97.65,0.1048,0.1696,0.6862,0.4503,0.8761,true
99.64,0.1930,0.4554,0.5395,0.4518,0.8746,true
101.63,0.1209,0.2672,0.2683,0.3390,0.9048,true
103.62,0.1092,0.4007,0.5012,0.3697,0.9156,true
105.62,0.1228,0.2924,0.6498,0.3975,0.9394,true
107.61,0.1659,0.4125,0.5281,0.4692,0.9022,true
109.60,0.1347,0.2982,0.4055,0.3163,0.9650,true
111.59,0.1326,0.2035,0.4843,0.3980,0.8745,true
113.58,0.1305,0.3155,0.7983,0.3286,0.8925,true
115.58,0.2441,0.1758,0.5701,0.4166,0.9082,true
117.57,0.1578,0.4000,0.4966,0.4695,0.9174,true
119.56,0.2444,0.4005,0.7447,0.4380,0.9061,true
121.55,0.2495,0.3426,0.5293,0.4042,0.9251,true
123.54,0.2567,0.1399,0.6691,0.4641,0.9433,true
125.54,0.3134,0.4722,0.4629,0.3689,0.9687,true
127.53,0.2445,0.3161,0.6469,0.3979,0.9448,true
129.52,0.3690,0.3387,0.9124,0.4921,0.9629,true
131.51,0.3980,0.1736,0.6164,0.5727,0.9299,true
133.50,0.4134,0.2691,0.6924,0.5989,0.9294,true
135.50,0.4704,0.1503,0.6222,0.5241,0.9470,true
137.49,0.4600,0.4377,0.6202,0.6258,0.9348,true
139.48,0.5162,0.4296,0.6014,0.5986,0.9471,false
141.47,0.4989,0.2546,0.5669,0.6070,0.9172,true
143.46,0.5424,0.1870,0.6838,0.4947,0.9557,false
145.46,0.5682,0.2222,0.6631,0.5684,0.8949,false
147.45,0.6041,0.2568,0.7776,0.5184,0.9750,false
149.44,0.6720,0.4904,0.9946,0.6351,0.9761,false
151.43,0.7878,0.4643,0.8878,0.6178,0.9749,false
153.42,0.8164,0.1913,0.6936,0.7832,0.9024,false
155.42,0.8607,0.4320,0.4868,0.6483,0.9301,false
157.41,0.8131,0.3192,0.6705,0.7570,0.9164,false
159.40,0.9251,0.4936,0.6841,0.7716,0.9851,false
161.39,0.8824,0.4693,0.3733,0.8362,0.9205,false
163.38,0.8799,0.1072,0.6360,0.7732,0.9936,false
165.38,0.9341,0.3954,0.6924,0.7784,0.9391,false
167.37,0.9523,0.4947,0.4703,0.8167,0.9438,false
169.36,0.9247,0.4356,0.4228,0.6840,0.9943,false
171.35,0.9254,0.1306,0.1733,0.8243,0.9964,false
173.34,0.8058,0.2939,0.4655,0.7968,1.0000,false
175.34,0.9142,0.3814,0.4374,0.7301,1.0000,false
177.33,0.7843,0.1684,0.1027,0.7347,0.9322,false
179.32,0.7694,0.3238,0.3763,0.6866,0.9715,false
181.31,0.7402,0.2120,0.4949,0.6357,0.9493,false
183.30,0.7690,0.4859,0.4445,0.6268,0.9410,false
185.30,0.7213,0.3376,0.0388,0.5769,0.9818,false
187.29,0.6006,0.1407,0.0000,0.5113,1.0000,false
189.28,0.5386,0.3001,0.2409,0.5268,0.9555,false
191.27,0.5067,0.3891,0.1351,0.5723,1.0000,false
193.26,0.4057,0.2465,0.4264,0.4186,1.0000,true
195.26,0.4811,0.1870,0.3400,0.5519,0.9678,true
197.25,0.3482,0.1530,0.1553,0.4600,0.9970,true
199.24,0.3556,0.3433,0.3360,0.4934,0.9533,true
201.23,0.2894,0.3142,0.2010,0.4346,1.0000,true
203.22,0.2470,0.4769,0.2715,0.4685,0.9769,true
205.22,0.2067,0.4066,0.3437,0.3243,0.9852,true
207.21,0.1909,0.3906,0.6196,0.4622,0.9578,true
209.20,0.2523,0.4462,0.5981,0.4767,0.9781,true
211.19,0.2286,0.4836,0.4686,0.3736,0.9615,true
213.18,0.2422,0.4581,0.5241,0.4935,0.9793,true
215.18,0.2390,0.4669,0.1917,0.4185,1.0000,true
217.17,0.1302,0.4906,0.4026,0.2812,0.9530,true
219.16,0.2046,0.3834,0.7549,0.3548,0.9550,true
221.15,0.2256,0.2949,0.4884,0.4741,1.0000,true
223.14,0.2019,0.4783,0.4141,0.4856,0.9462,true
225.14,0.1955,0.2968,0.4826,0.4511,1.0000,true
227.13,0.1970,0.4110,0.5014,0.4052,0.9856,true
229.12,0.1975,0.1270,0.4656,0.4749,1.0000,true
231.11,0.1859,0.2063,0.4936,0.3807,0.9595,true
233.10,0.1967,0.1383,0.4524,0.3191,0.9370,true
235.10,0.1699,0.1713,0.2081,0.4348,0.9666,true
237.09,0.0907,0.3496,0.4765,0.2943,1.0000,true
239.08,0.1627,0.4551,0.7551,0.4716,0.9721,true
241.07,0.1862,0.4852,0.4221,0.3238,0.9700,true
243.06,0.1356,0.4028,0.5015,0.3912,0.9225,true
245.06,0.1883,0.2804,0.5598,0.4471,0.9189,true
247.05,0.1591,0.2616,0.4761,0.4159,0.9456,true
249.04,0.1810,0.3553,0.5298,0.3877,0.9467,true
251.03,0.1716,0.4908,0.5364,0.3278,0.9984,true
253.02,0.1960,0.2298,0.2367,0.3016,0.9394,true
255.02,0.0761,0.2622,0.1376,0.2614,0.9194,true
257.01,0.0639,0.1216,0.6710,0.2815,0.9789,true
259.00,0.1407,0.3248,0.6781,0.3720,0.9152,true
260.99,0.1311,0.1396,0.3542,0.3407,0.9219,true
262.98,0.0884,0.2487,0.3444,0.4423,0.9815,true
264.97,0.0753,0.3117,0.5109,0.4111,0.9780,true
266.97,0.0940,0.1276,0.4277,0.2482,0.9416,true
268.96,0.0502,0.3892,0.7122,0.4158,0.9830,true
270.95,0.1737,0.3073,0.5403,0.4578,0.8844,true
272.94,0.0665,0.2356,0.3044,0.3743,0.9110,true
274.93,0.1032,0.2645,0.6183,0.4069,0.9254,true
276.93,0.1117,0.2435,0.4413,0.3846,0.8822,true
278.92,0.0831,0.4489,0.4704,0.2725,0.9540,true
280.91,0.1023,0.1987,0.6945,0.3671,0.9598,true
282.90,0.1563,0.2573,0.4758,0.3656,0.9725,true
284.89,0.0949,0.1306,0.2934,0.3992,0.9407,true
286.89,0.0817,0.2327,0.6761,0.3510,0.8981,true
288.88,0.1613,0.2615,0.8025,0.2915,0.8998,true
290.87,0.1947,0.1606,0.4488,0.4460,0.9219,true
292.86,0.1440,0.1349,0.4041,0.4115,0.9211,true
294.85,0.1608,0.4322,0.3505,0.4559,0.9671,true
296.85,0.0904,0.2017,0.4331,0.3726,0.8950,true
298.84,0.1377,0.3911,0.6801,0.2918,0.9188,true
300.83,0.1583,0.3704,0.6243,0.4019,0.9193,true
302.82,0.1850,0.2659,0.5332,0.3189,0.9704,true
304.81,0.1721,0.1154,0.3533,0.3154,0.9238,true
306.81,0.1325,0.1026,0.5512,0.3276,0.9623,true
308.80,0.1925,0.4734,0.3409,0.3775,0.9103,true
310.79,0.0754,0.1042,0.2825,0.2486,0.9315,true
312.78,0.1139,0.3843,0.4902,0.3593,0.9203,true
314.77,0.0733,0.1447,0.6326,0.2987,0.9090,true
316.77,0.1643,0.3871,0.5999,0.4419,0.9239,true
318.76,0.1117,0.1711,0.3889,0.4098,0.9601,true
320.75,0.1249,0.3495,0.4684,0.2881,0.8906,true
322.74,0.1015,0.2265,0.3937,0.4178,0.9790,true
324.73,0.0872,0.1792,0.3635,0.3087,0.9742,true
326.73,0.0528,0.1095,0.7333,0.3636,0.9791,true
328.72,0.1748,0.2778,0.5103,0.3672,0.9093,true
330.71,0.0581,0.3211,0.3254,0.3199,0.9244,true
332.70,0.1119,0.3846,0.6314,0.3971,0.9088,true
334.69,0.1081,0.1616,0.4793,0.3042,0.9491,true
336.69,0.1058,0.2049,0.5587,0.3654,0.9157,true
338.68,0.1312,0.4600,0.7315,0.3616,0.9719,true
340.67,0.1927,0.2614,0.3497,0.4332,0.9370,true
342.66,0.0774,0.2145,0.1950,0.3403,0.9797,true
344.65,0.0818,0.1735,0.8144,0.3422,0.9977,true
346.65,0.1948,0.1404,0.6124,0.4874,0.9413,true
348.64,0.1248,0.3019,0.2634,0.4286,1.0000,true
350.63,0.1091,0.2690,0.5576,0.3739,0.9824,true
352.62,0.1475,0.2209,0.6914,0.3880,0.9320,true
354.61,0.1812,0.3815,0.2883,0.3872,1.0000,true
356.61,0.0710,0.3910,0.2148,0.2954,0.9732,true
358.60,0.0776,0.4435,0.7845,0.3427,1.0000,true
360.59,0.1774,0.4849,0.6360,0.3335,1.0000,true
362.58,0.1293,0.4813,0.3079,0.3049,1.0000,true
364.57,0.1081,0.1529,0.3816,0.3359,1.0000,true
366.57,0.0872,0.2444,0.6555,0.3601,0.9934,true
368.56,0.1670,0.4466,0.5429,0.4604,0.9757,true
370.55,0.1045,0.4948,0.4054,0.3313,1.0000,true
372.54,0.1336,0.1620,0.5456,0.3351,1.0000,true
374.53,0.1228,0.4081,0.3328,0.2809,0.9746,true
376.53,0.0736,0.3259,0.3975,0.3719,1.0000,true
378.52,0.0866,0.2539,0.6015,0.3450,1.0000,true
380.51,0.1125,0.3871,0.6879,0.3026,0.9715,true
382.50,0.1574,0.4728,0.7495,0.2856,0.9739,true
384.49,0.2060,0.2380,0.5369,0.4158,1.0000,true
386.49,0.1725,0.3190,0.5190,0.3253,0.9626,true
388.48,0.2145,0.2167,0.6694,0.4974,0.9539,true
390.47,0.2365,0.3083,0.2976,0.4228,1.0000,true
392.46,0.1415,0.1186,0.5020,0.3252,0.9730,true
394.45,0.2387,0.3587,0.6821,0.4657,0.9537,true
396.45,0.2101,0.1336,0.5579,0.4351,0.9512,true
398.44,0.2616,0.4694,0.5404,0.5084,0.9660,true
400.43,0.2265,0.4183,0.5287,0.3530,0.9381,true
402.42,0.2737,0.4262,0.8697,0.4309,0.9717,true
404.41,0.3643,0.2948,0.5999,0.5615,1.0000,true
406.41,0.3120,0.1591,0.3802,0.5273,0.9894,true
408.40,0.3217,0.3797,0.8658,0.3824,0.9876,true
410.39,0.4484,0.4872,0.6068,0.5913,0.9821,true
412.38,0.3625,0.4020,0.3386,0.3981,0.9854,true
414.37,0.3904,0.1958,0.9784,0.5126,1.0000,true
416.37,0.5403,0.2640,0.9780,0.6459,0.9351,false
418.36,0.5681,0.4199,0.4547,0.5324,0.9962,false
420.35,0.5252,0.2959,0.6080,0.5739,0.9781,false
422.34,0.6094,0.2572,0.9010,0.5196,0.9322,false
424.33,0.6745,0.4132,0.7022,0.6582,0.9796,false
426.33,0.6854,0.1645,0.6430,0.6445,0.9396,false
428.32,0.7287,0.4337,0.8857,0.6896,0.9948,false
430.31,0.8291,0.1854,0.7695,0.8132,0.9509,false
432.30,0.8296,0.4256,0.4665,0.6182,0.9049,false
434.29,0.8183,0.1276,0.7472,0.7985,0.9474,false
436.29,0.9222,0.4971,0.6248,0.8224,0.9751,false
438.28,0.8658,0.4816,0.4074,0.7441,0.9651,false
440.27,0.8896,0.2670,0.6905,0.7278,0.9105,false
442.26,0.9375,0.4977,0.7625,0.6823,0.9775,false
444.25,0.9878,0.4643,0.2234,0.7813,0.9702,false
446.25,0.8371,0.3019,0.2977,0.7604,0.9166,false
448.24,0.9148,0.4891,0.3960,0.6589,0.9809,false
450.23,0.8003,0.1816,0.2183,0.6537,0.9698,false
452.22,0.8126,0.3407,0.5842,0.7608,0.9549,false
454.21,0.8329,0.3648,0.3853,0.8113,0.9700,false
456.21,0.7718,0.2995,0.0465,0.6792,0.9191,false
458.20,0.6673,0.2510,0.2839,0.6908,0.9296,false
460.19,0.6937,0.2880,0.3809,0.7361,0.9313,false
462.18,0.6250,0.1086,0.0418,0.5213,0.9713,false
464.17,0.5264,0.3795,0.1009,0.5731,0.9397,false
466.17,0.4795,0.3314,0.3695,0.5497,0.9159,true
468.16,0.4798,0.1386,0.3825,0.5971,0.9157,true
470.15,0.4377,0.2672,0.2671,0.5693,0.9389,true
472.14,0.3955,0.3200,0.5365,0.4768,0.9353,true
474.13,0.4527,0.1426,0.1798,0.5000,0.9625,true
476.13,0.2791,0.3128,0.0333,0.4198,0.9657,true
478.12,0.2822,0.2432,0.3825,0.5021,0.9560,true
480.11,0.2373,0.3955,0.4525,0.4913,0.9447,true
482.10,0.2662,0.2674,0.2990,0.5293,0.8719,true
484.09,0.1648,0.2676,0.2554,0.4570,0.8897,true
486.09,0.1776,0.2242,0.7808,0.4077,0.8874,true
488.08,0.2698,0.1617,0.4995,0.4553,0.9483,true
490.07,0.1790,0.4724,0.1223,0.3730,0.9614,true
492.06,0.1321,0.4614,0.4932,0.3893,0.9138,true
494.05,0.1780,0.2264,0.4994,0.3185,0.9299,true
496.05,0.1335,0.4848,0.4497,0.3613,0.9619,true
498.04,0.1610,0.3774,0.5051,0.2959,0.8900,true
500.03,0.1369,0.2943,0.4599,0.4607,0.9006,true
502.02,0.1478,0.3515,0.3215,0.2882,0.9499,true
504.01,0.0726,0.4871,0.5694,0.2465,0.8905,true
506.01,0.1749,0.3616,0.7809,0.3146,0.9311,true
508.00,0.1777,0.4698,0.2102,0.4602,0.8954,true
509.99,0.0696,0.1042,0.1902,0.2378,0.9535,true
511.98,0.0651,0.1605,0.7719,0.2410,0.9639,true
513.97,0.1713,0.4609,0.8304,0.3781,0.9613,true
515.97,0.1884,0.2706,0.3529,0.3235,0.8974,true
517.96,0.1187,0.4985,0.2872,0.2883,0.8912,true
519.95,0.1115,0.3217,0.6081,0.3934,0.8865,true
521.94,0.1600,0.1224,0.4276,0.4345,0.9142,true
523.93,0.0863,0.2823,0.5130,0.2971,0.9180,true
525.93,0.1663,0.4350,0.6241,0.3788,0.9184,true
527.92,0.1336,0.2876,0.3432,0.4547,0.8930,true
529.91,0.1101,0.3144,0.5146,0.4538,0.9262,true
531.90,0.1405,0.1913,0.6565,0.3649,0.9633,true
533.89,0.1693,0.3190,0.5830,0.4234,0.9351,true
535.89,0.1726,0.2603,0.4833,0.3326,0.9423,true
537.88,0.1646,0.3298,0.5496,0.4006,0.8825,true
539.87,0.1924,0.2558,0.3672,0.3959,0.9033,true
541.86,0.1172,0.3521,0.4552,0.4525,0.9542,true
543.85,0.1774,0.2667,0.4064,0.3190,0.9309,true
545.85,0.0843,0.4271,0.4401,0.3414,0.9439,true
547.84,0.1569,0.1404,0.5300,0.2891,0.9017,true
549.83,0.0968,0.2670,0.4738,0.3305,0.9550,true
551.82,0.1488,0.2208,0.7658,0.3380,0.9546,true
553.81,0.1963,0.4772,0.3105,0.4631,0.9032,true
555.81,0.0805,0.1066,0.1185,0.3594,0.8825,true
557.80,0.0572,0.1489,0.7487,0.3780,0.9381,true
559.79,0.1737,0.1655,0.4789,0.3316,0.9428,true
561.78,0.0510,0.1922,0.3677,0.3153,0.9309,true
563.77,0.1264,0.3986,0.8050,0.2866,0.8868,true
565.77,0.1649,0.3145,0.3622,0.3727,0.9498,true
567.76,0.0772,0.4036,0.4947,0.4353,0.9235,true
569.75,0.1645,0.2176,0.4895,0.4139,0.9711,true
571.74,0.0748,0.1734,0.3002,0.2749,0.9609,true
573.73,0.0924,0.2723,0.5342,0.3440,0.9771,true
575.73,0.0890,0.2284,0.5701,0.2860,0.9307,true
577.72,0.1197,0.4467,0.6457,0.4340,0.9600,true
579.71,0.1442,0.2798,0.7109,0.3559,0.9026,true
581.70,0.1990,0.1795,0.3968,0.3382,0.9918,true
583.69,0.1077,0.1911,0.4518,0.3776,0.9889,true
585.69,0.1828,0.1045,0.5789,0.3397,0.9399,true
587.68,0.1383,0.3853,0.4199,0.3880,0.9299,true
589.67,0.1548,0.1932,0.5747,0.3072,0.9570,true
591.66,0.1673,0.2544,0.3168,0.2905,0.9411,true
593.65,0.0888,0.4271,0.3066,0.3814,1.0000,true
595.65,0.0976,0.2604,0.5846,0.2522,0.9266,true
597.64,0.1215,0.3600,0.4535,0.2633,0.9759,true
599.63,0.0820,0.3758,0.4243,0.2504,0.9497,true
601.62,0.0952,0.4500,0.4164,0.2503,0.9997,true
603.61,0.0527,0.3522,0.6734,0.4169,0.9507,true
605.61,0.1606,0.2453,0.5142,0.3502,0.9963,true
607.60,0.0595,0.1567,0.5984,0.3026,0.9641,true
609.59,0.1984,0.3702,0.6835,0.4036,0.9972,true
611.58,0.1286,0.3199,0.4081,0.4130,0.9341,true
613.57,0.1660,0.1036,0.5229,0.3525,0.9429,true
615.57,0.1386,0.1112,0.2025,0.4015,1.0000,true
617.56,0.0579,0.3073,0.5804,0.4068,1.0000,true
619.55,0.1698,0.2390,0.6495,0.3993,0.9770,true
621.54,0.1145,0.3444,0.2460,0.3749,0.9665,true
623.53,0.0777,0.4018,0.4645,0.4218,1.0000,true
625.53,0.1030,0.2935,0.4217,0.4234,0.9728,true
627.52,0.0504,0.2053,0.5251,0.2566,0.9840,true
629.51,0.1138,0.2918,0.8019,0.4475,1.0000,true
631.50,0.1632,0.3952,0.4875,0.3295,0.9851,true
633.49,0.1107,0.3935,0.3669,0.4168,0.9580,true
635.49,0.1156,0.4163,0.7100,0.2853,0.9990,true
637.48,0.1896,0.1412,0.3793,0.4334,1.0000,true
639.47,0.0727,0.4064,0.1743,0.3432,0.9686,true
641.46,0.0711,0.2258,0.8366,0.4095,1.0000,true
643.45,0.1982,0.2442,0.6198,0.4889,0.9797,true
645.45,0.1168,0.3324,0.3554,0.2869,1.0000,true
647.44,0.1465,0.1908,0.6506,0.4291,1.0000,true
649.43,0.1738,0.2996,0.5302,0.2923,0.9599,true
651.42,0.1591,0.4142,0.1767,0.2835,0.9810,true
653.41,0.0562,0.4838,0.3703,0.3529,1.0000,true
655.41,0.1129,0.2804,0.6669,0.3290,1.0000,true
657.40,0.1192,0.3085,0.5846,0.4142,0.9486,true
659.39,0.1456,0.3360,0.4175,0.3958,0.9457,true
661.38,0.0904,0.4463,0.2980,0.2483,0.9357,true
663.37,0.0727,0.1731,0.4353,0.3024,0.9319,true
665.37,0.0681,0.3398,0.7023,0.4139,0.9747,true
667.36,0.1488,0.3717,0.6293,0.4378,0.9646,true
669.35,0.1172,0.4301,0.2408,0.3387,0.9396,true
671.34,0.0548,0.2643,0.3872,0.3429,0.9423,true
673.33,0.0772,0.2678,0.5851,0.4165,1.0000,true
675.33,0.0877,0.1657,0.7035,0.2638,0.9765,true
677.32,0.1537,0.3343,0.5749,0.3153,0.9496,true
679.31,0.1168,0.3230,0.2927,0.4128,0.9589,true
681.30,0.0789,0.2708,0.4187,0.2793,0.9126,true
683.29,0.0884,0.2268,0.6289,0.3768,0.9240,true
685.29,0.1279,0.2426,0.5573,0.3336,1.0000,true
687.28,0.1110,0.1590,0.4204,0.4532,0.9433,true
689.27,0.1001,0.1036,0.4062,0.3745,0.9133,true
691.26,0.0780,0.2240,0.7561,0.2432,0.9388,true
693.25,0.1960,0.2617,0.6057,0.4264,0.9693,true
695.25,0.1184,0.4642,0.3996,0.4510,0.9683,true
697.24,0.1605,0.4921,0.6417,0.3720,0.9331,true
699.23,0.1722,0.4063,0.6027,0.3848,0.9103,true
701.22,0.1999,0.1597,0.2623,0.4552,0.9840,true
703.21,0.0861,0.2180,0.2074,0.2828,0.9120,true
705.21,0.0936,0.4972,0.7998,0.3580,0.9377,true
707.20,0.1982,0.1900,0.4009,0.3338,0.9351,true
709.19,0.0586,0.2929,0.1198,0.3176,0.9670,true
711.18,0.0596,0.2374,0.5861,0.3704,0.9391,true
713.17,0.0919,0.4637,0.6674,0.2496,0.9440,true
715.17,0.1228,0.1042,0.3995,0.3410,0.9348,true
717.16,0.0564,0.4092,0.6387,0.3770,0.9558,true
719.15,0.1754,0.1377,0.8263,0.3199,0.9947,true
721.14,0.1782,0.1165,0.2015,0.4698,1.0000,true
723.13,0.0670,0.2079,0.4407,0.3415,0.9884,true
725.13,0.1579,0.4179,0.6953,0.3077,0.9334,true
727.12,0.1405,0.1187,0.4373,0.2925,0.9970,true
729.11,0.1363,0.2660,0.6047,0.3098,0.9704,true
731.10,0.1806,0.3388,0.3165,0.3337,1.0000,true
733.09,0.0702,0.4508,0.3336,0.3175,0.9423,true
735.09,0.1208,0.4323,0.5209,0.3012,1.0000,true
737.08,0.0794,0.4051,0.5534,0.4167,0.9467,true
739.07,0.1420,0.2380,0.4254,0.4301,1.0000,true
741.06,0.0534,0.4715,0.5867,0.3084,0.9535,true
743.05,0.1755,0.1591,0.6329,0.4436,0.9654,true
745.05,0.1039,0.3876,0.5605,0.4000,0.9766,true
747.04,0.1993,0.2709,0.7026,0.4652,0.9540,true
749.03,0.1801,0.2319,0.2366,0.3772,1.0000,true
751.02,0.1038,0.3080,0.2214,0.3732,1.0000,true
753.01,0.0790,0.2567,0.4345,0.2678,1.0000,true
755.01,0.0812,0.4187,0.4424,0.3262,0.9768,true
757.00,0.0593,0.2800,0.6949,0.2645,1.0000,true
758.99,0.1545,0.2745,0.7614,0.4195,1.0000,true
760.98,0.1572,0.1730,0.3032,0.3293,1.0000,true
762.97,0.0835,0.1441,0.5115,0.2910,0.9849,true
764.96,0.1629,0.4242,0.4120,0.4108,0.9945,true
766.96,0.0526,0.4610,0.2225,0.3586,1.0000,true
768.95,0.0622,0.3032,0.6515,0.2482,1.0000,true
770.94,0.1100,0.4649,0.6401,0.2664,1.0000,true
772.93,0.1154,0.3068,0.6338,0.4279,0.9959,true
774.92,0.1608,0.1800,0.6076,0.4561,0.9838,true
776.92,0.1565,0.3488,0.4342,0.4428,0.9545,true
778.91,0.1381,0.4885,0.4917,0.3975,1.0000,true
780.90,0.1550,0.1831,0.6583,0.3823,0.9911,true
782.89,0.1980,0.1322,0.4566,0.3541,1.0000,true
784.88,0.1406,0.3665,0.1135,0.4251,0.9923,true
786.88,0.0571,0.3122,0.4221,0.2342,0.9958,true
788.87,0.1134,0.1052,0.6223,0.3563,0.9925,true
790.86,0.1037,0.1285,0.7003,0.3621,1.0000,true
792.85,0.1887,0.1797,0.5230,0.4608,0.9458,true
794.84,0.1137,0.1618,0.2740,0.3329,0.9583,true
796.84,0.1069,0.1898,0.7206,0.4475,0.9793,true
798.83,0.1965,0.4593,0.7339,0.3705,0.9667,true
800.82,0.1947,0.1529,0.3377,0.4644,0.9952,true
802.81,0.1382,0.3933,0.4315,0.3711,0.9792,true
804.80,0.1710,0.3075,0.5664,0.4133,0.9391,true
806.80,0.1642,0.2123,0.3290,0.4591,0.9851,true
808.79,0.1095,0.1440,0.4215,0.4004,0.9494,true
810.78,0.1368,0.2514,0.5515,0.4079,0.9442,true
812.77,0.1300,0.4002,0.5272,0.3782,0.9524,true
814.76,0.1484,0.2732,0.2810,0.3227,0.8960,true
816.76,0.0508,0.1161,0.4878,0.3115,0.9635,true
818.75,0.1454,0.2051,0.5184,0.4054,0.9571,true
820.74,0.0591,0.3314,0.5472,0.3509,0.9593,true
822.73,0.1644,0.1243,0.4777,0.4576,0.9174,true
824.72,0.0525,0.2538,0.5403,0.4025,0.8902,true
826.72,0.1808,0.1256,0.4921,0.3699,0.9403,true
828.71,0.0511,0.3769,0.1987,0.3593,0.9456,true
830.70,0.0712,0.3597,0.5466,0.3129,0.9736,true
832.69,0.0698,0.1800,0.6477,0.2589,0.8969,true
834.68,0.1272,0.2827,0.6196,0.2904,0.9111,true
836.68,0.1154,0.4885,0.6362,0.3360,0.8929,true
838.67,0.1789,0.4178,0.5196,0.3917,0.9429,true
840.66,0.1241,0.1677,0.4727,0.2730,0.8951,true
842.65,0.1704,0.2172,0.3944,0.3977,0.9262,true
844.64,0.0867,0.4087,0.2979,0.2999,0.9599,true
846.64,0.0974,0.1454,0.4937,0.3312,0.8950,true
848.63,0.0860,0.3123,0.4625,0.3624,0.8821,true
850.62,0.0852,0.2664,0.6682,0.2631,0.8793,true
852.61,0.1495,0.3849,0.4651,0.2785,0.9543,true
854.60,0.0739,0.1951,0.3059,0.2582,0.9152,true
856.60,0.0795,0.1211,0.4754,0.3608,0.8869,true
858.59,0.0663,0.1881,0.5744,0.3101,0.8828,true
860.58,0.1085,0.2804,0.4870,0.2616,0.9034,true
862.57,0.0631,0.4496,0.6712,0.2862,0.9682,true
864.56,0.1731,0.2940,0.5139,0.3464,0.9144,true
866.56,0.0697,0.4011,0.1683,0.2413,0.8817,true
868.55,0.0524,0.3741,0.7417,0.3846,0.8767,true
870.54,0.1603,0.1973,0.5519,0.3039,0.9589,true
872.53,0.0730,0.3697,0.3415,0.2968,0.9698,true
874.52,0.1034,0.2632,0.6826,0.4299,0.8840,true
876.52,0.1419,0.3613,0.3894,0.2949,0.9621,true
878.51,0.0642,0.1425,0.4848,0.3797,0.8994,true
880.50,0.1378,0.2090,0.7456,0.2777,0.9212,true
882.49,0.1563,0.3860,0.5393,0.3606,0.9625,true
884.48,0.1538,0.3370,0.2528,0.3705,0.8871,true
886.48,0.0667,0.3710,0.3369,0.4110,0.9534,true
888.47,0.0953,0.4427,0.7250,0.2853,0.9045,true
890.46,0.1511,0.1172,0.5698,0.3063,0.9242,true
892.45,0.1225,0.1159,0.5429,0.3150,0.8748,true
894.44,0.1685,0.3924,0.3759,0.4399,0.8829,true
896.44,0.0783,0.3251,0.2353,0.4348,0.8769,true
898.43,0.0725,0.3534,0.4819,0.3451,0.9112,true
900.42,0.0732,0.4730,0.4841,0.2799,0.9113,true
902.41,0.0681,0.1625,0.4894,0.4219,0.8807,true
904.40,0.0708,0.1585,0.6487,0.3749,0.9451,true
906.40,0.1245,0.1907,0.4464,0.3566,0.8758,true
908.39,0.0526,0.3277,0.5684,0.4095,0.8831,true
910.38,0.1512,0.4908,0.6072,0.3928,0.8941,true
912.37,0.0936,0.3629,0.4913,0.4237,0.9075,true
914.36,0.1495,0.1772,0.7645,0.3057,0.9342,true
916.36,0.1926,0.4497,0.4323,0.4663,0.9623,true
918.35,0.1261,0.3381,0.4781,0.3202,0.9058,true
920.34,0.1861,0.2306,0.3803,0.3145,0.9533,true
922.33,0.0836,0.2115,0.3494,0.2603,0.9633,true
924.32,0.1321,0.2445,0.5059,0.4250,0.9192,true
926.32,0.0873,0.3151,0.5337,0.3488,0.9024,true
928.31,0.1461,0.4132,0.5391,0.3388,0.9499,true
930.30,0.1032,0.2651,0.4400,0.2993,0.9571,true
932.29,0.1255,0.2827,0.4966,0.3827,0.9505,true
934.28,0.1035,0.3316,0.3229,0.3270,0.9548,true
936.28,0.0617,0.4259,0.4969,0.3020,0.9422,true
938.27,0.1038,0.2202,0.7499,0.4034,0.9044,true
940.26,0.1553,0.3876,0.5853,0.3783,0.8921,true
942.25,0.1368,0.2051,0.2308,0.3287,0.8760,true
944.24,0.0577,0.3744,0.4144,0.3099,0.9558,true
946.24,0.1068,0.1682,0.4934,0.2972,0.9284,true
948.23,0.0568,0.1707,0.3476,0.3350,0.9311,true
950.22,0.0521,0.4651,0.8573,0.2981,0.8848,true
952.21,0.1900,0.2468,0.5036,0.3038,0.8901,true
954.20,0.0550,0.3662,0.2390,0.4015,0.8985,true
956.20,0.0954,0.4985,0.6484,0.3392,0.9496,true
958.19,0.1112,0.2061,0.7168,0.2962,0.9451,true
960.18,0.1768,0.1444,0.4965,0.3679,0.8788,true
962.17,0.1114,0.1283,0.4401,0.3382,0.8943,true
964.16,0.1562,0.3711,0.5693,0.4108,0.9053,true
966.16,0.1385,0.3286,0.5194,0.2968,0.9241,true
968.15,0.1649,0.4146,0.5261,0.4576,0.8837,true
970.14,0.1497,0.3103,0.2985,0.4095,0.9509,true
972.13,0.0922,0.2819,0.4684,0.4406,0.8949,true
974.12,0.1395,0.2759,0.4267,0.3095,0.9252,true
976.12,0.0667,0.3233,0.3771,0.3862,0.9030,true
978.11,0.0958,0.4788,0.6986,0.2583,0.9542,true
980.10,0.1414,0.3110,0.3882,0.3885,0.9107,true
982.09,0.0561,0.1934,0.4440,0.3694,0.9313,true
984.08,0.1223,0.2311,0.5189,0.3911,0.9416,true
986.08,0.0646,0.3168,0.3066,0.3888,0.9336,true
988.07,0.0526,0.4522,0.6361,0.2310,0.9128,true
990.06,0.1163,0.2354,0.5752,0.3456,0.9800,true
992.05,0.0818,0.1189,0.5630,0.2539,0.9397,true
994.04,0.1410,0.4818,0.4671,0.4062,0.8963,true
996.04,0.0712,0.3854,0.5589,0.4263,0.9425,true
998.03,0.1643,0.4395,0.5664,0.4350,0.9090,true
1000.02,0.0972,0.2908,0.4405,0.2594,0.9716,true
1002.01,0.1439,0.3618,0.7670,0.3657,0.9782,true
1004.00,0.1971,0.1430,0.6170,0.3099,0.9385,true
1006.00,0.1885,0.1230,0.3367,0.4209,0.9199,true
1007.99,0.1385,0.4585,0.4793,0.4097,0.9416,true
1009.98,0.1824,0.4082,0.6202,0.3715,0.9646,true
1011.97,0.1843,0.2447,0.4403,0.3419,0.9751,true
1013.96,0.1619,0.2962,0.1651,0.4112,1.0000,true
1015.96,0.0624,0.2938,0.2377,0.4223,1.0000,true
1017.95,0.0668,0.2466,0.6781,0.3077,0.9307,true
1019.94,0.1296,0.4150,0.5239,0.4453,0.9541,true
1021.93,0.0772,0.1070,0.2978,0.2627,1.0000,true
1023.92,0.0566,0.3673,0.6327,0.2687,0.9446,true
1025.92,0.1276,0.2967,0.5169,0.3870,0.9857,true
1027.91,0.0644,0.4964,0.2932,0.2929,1.0000,true
1029.90,0.0529,0.3431,0.5972,0.2530,1.0000,true
1031.89,0.1018,0.4337,0.8121,0.3544,1.0000,true
1033.88,0.1694,0.1183,0.6950,0.4846,0.9645,true
1035.88,0.1751,0.1254,0.3270,0.4545,1.0000,true
1037.87,0.1072,0.2207,0.2289,0.2562,1.0000,true
1039.86,0.0768,0.3303,0.5133,0.3116,0.9682,true
1041.85,0.1136,0.1008,0.6076,0.3719,0.9986,true
1043.84,0.1179,0.1553,0.3914,0.2781,0.9799,true
1045.84,0.0752,0.3651,0.5662,0.4051,1.0000,true
1047.83,0.1439,0.2997,0.6336,0.3881,1.0000,true
1049.82,0.1259,0.1110,0.5900,0.3330,0.9982,true
1051.81,0.1785,0.1204,0.5144,0.4701,1.0000,true
1053.80,0.1328,0.2785,0.5399,0.4552,0.9751,true
1055.80,0.1948,0.3662,0.3403,0.3292,1.0000,true
1057.79,0.0755,0.4206,0.1728,0.3188,0.9874,true
1059.78,0.0757,0.2378,0.6702,0.2437,0.9594,true
1061.77,0.1397,0.1631,0.7497,0.4023,1.0000,true
1063.76,0.1693,0.4499,0.5155,0.4110,0.9587,true
1065.76,0.1469,0.3585,0.3976,0.4236,0.9761,true
1067.75,0.1331,0.3554,0.3096,0.3797,0.9517,true
1069.74,0.0783,0.1980,0.4634,0.3932,0.9472,true
1071.73,0.1211,0.3695,0.7557,0.3236,0.9574,true
1073.72,0.1741,0.4841,0.6643,0.4543,0.9618,true
1075.72,0.1832,0.2250,0.4334,0.3185,0.9541,true
1077.71,0.1511,0.4234,0.2451,0.3943,0.9822,true
1079.70,0.0908,0.2245,0.4426,0.4404,0.9537,true
1081.69,0.1314,0.2221,0.4358,0.2743,0.9783,true
1083.68,0.0687,0.4349,0.4552,0.4114,0.9381,true
1085.68,0.1165,0.3821,0.7440,0.2692,0.9849,true
1087.67,0.1602,0.3649,0.4054,0.4259,0.9197,true
1089.66,0.0832,0.2977,0.3214,0.3233,0.9802,true
1091.65,0.0959,0.1131,0.6610,0.3807,0.9719,true
1093.64,0.1440,0.2882,0.4397,0.4429,1.0000,true
1095.64,0.0752,0.2375,0.2526,0.4354,0.9320,true
1097.63,0.0544,0.4168,0.7390,0.3501,0.9227,true
1099.62,0.1648,0.2017,0.8778,0.4620,0.9620,true
1101.61,0.1951,0.1497,0.5434,0.3164,0.8972,true
1103.60,0.1823,0.1142,0.4040,0.3002,0.9647,true
1105.60,0.1613,0.4849,0.4359,0.3619,0.9746,true
1107.59,0.1602,0.2978,0.5404,0.4179,0.9574,true
1109.58,0.1777,0.3169,0.4821,0.3148,0.9208,true
1111.57,0.1551,0.2580,0.2397,0.3790,0.9742,true
1113.56,0.0834,0.3298,0.3035,0.2729,0.9513,true
1115.56,0.0843,0.2090,0.7561,0.4261,0.9490,true
1117.55,0.1792,0.4161,0.5118,0.3865,0.9341,true
1119.54,0.0901,0.1840,0.2644,0.3788,0.9562,true
1121.53,0.0940,0.4578,0.5612,0.3696,0.9641,true
1123.52,0.1142,0.4818,0.4937,0.3030,0.9524,true
1125.52,0.0932,0.2413,0.4549,0.3507,0.9474,true
1127.51,0.0992,0.4373,0.6886,0.3393,0.9284,true
1129.50,0.1642,0.2977,0.7685,0.3922,0.9703,true
1131.49,0.1996,0.4427,0.3272,0.3169,0.8900,true
1133.48,0.1020,0.3015,0.4402,0.2540,0.9706,true
1135.48,0.1791,0.2660,0.4878,0.4651,0.9536,true
1137.47,0.0991,0.1114,0.4857,0.2688,0.9208,true
1139.46,0.1754,0.2819,0.5149,0.2952,0.9249,true
1141.45,0.1061,0.4505,0.5386,0.3523,0.9442,true
1143.44,0.1911,0.1216,0.4939,0.4781,0.9148,true
1145.44,0.1054,0.4100,0.3314,0.3032,0.9169,true
1147.43,0.1305,0.2990,0.4328,0.4373,0.9442,true
1149.42,0.0822,0.3183,0.3456,0.4322,0.9201,true
1151.41,0.0752,0.4153,0.7079,0.3848,0.9642,true
1153.40,0.1603,0.3224,0.8031,0.4162,0.9499,true
1155.40,0.1884,0.1334,0.2756,0.3318,0.9633,true
1157.39,0.0791,0.3750,0.3011,0.2963,0.9333,true
1159.38,0.1167,0.1989,0.6256,0.2742,0.9230,true
1161.37,0.1269,0.2900,0.4280,0.3925,0.9807,true
1163.36,0.0917,0.3333,0.5825,0.2739,0.9491,true
1165.36,0.1589,0.4116,0.5679,0.4328,0.9559,true
1167.35,0.1182,0.4003,0.4897,0.4126,0.9316,true
1169.34,0.1566,0.4415,0.4101,0.3847,0.9068,true
1171.33,0.0866,0.4303,0.5691,0.2717,0.9089,true
1173.32,0.1836,0.4890,0.7045,0.2990,0.9663,true
1175.32,0.1635,0.3677,0.3818,0.4021,0.9481,true
1177.31,0.1415,0.1393,0.1948,0.3938,0.9486,true
1179.30,0.0526,0.1521,0.5840,0.4099,1.0000,true
1181.29,0.1740,0.4615,0.7381,0.4190,1.0000,true
1183.28,0.1419,0.3808,0.2222,0.2982,0.9907,true
1185.28,0.0732,0.3045,0.4048,0.2983,1.0000,true
1187.27,0.1083,0.4530,0.5493,0.3622,0.9315,true
1189.26,0.0929,0.4923,0.3899,0.4427,0.9618,true
1191.25,0.0693,0.4781,0.5962,0.2556,1.0000,true
1193.24,0.1298,0.1335,0.5513,0.2866,0.9555,true
1195.24,0.0897,0.3876,0.3516,0.3977,1.0000,true
1197.23,0.0767,0.4554,0.6305,0.3790,0.9626,true
1199.22,0.1393,0.3443,0.5052,0.3494,1.0000,true
1201.21,0.0801,0.2605,0.3865,0.3045,0.9915,true
1203.20,0.0991,0.4485,0.7303,0.3726,0.9532,true
1205.20,0.1665,0.3203,0.3646,0.4820,1.0000,true
1207.19,0.0507,0.4210,0.4682,0.2319,0.9921,true
1209.18,0.1563,0.3563,0.6127,0.2863,1.0000,true
1211.17,0.0938,0.2505,0.4594,0.2802,0.9808,true
1213.16,0.1429,0.2756,0.7243,0.3681,0.9752,true
1215.16,0.1779,0.2082,0.4432,0.3347,0.9701,true
1217.15,0.1235,0.1990,0.4357,0.3335,0.9959,true
1219.14,0.1558,0.2284,0.5911,0.2889,1.0000,true
1221.13,0.1586,0.1000,0.2370,0.4149,1.0000,true
1223.12,0.0604,0.4823,0.5706,0.3528,0.9978,true
1225.12,0.1862,0.3421,0.4809,0.3419,0.9832,true
1227.11,0.0549,0.1662,0.2429,0.2434,0.9682,true
1229.10,0.0930,0.4180,0.5553,0.4415,0.9821,true
1231.09,0.0768,0.2356,0.4103,0.2758,1.0000,true
1233.08,0.0614,0.4931,0.4373,0.4105,1.0000,true
1235.08,0.0553,0.1881,0.6725,0.2665,0.9390,true
1237.07,0.1265,0.2139,0.6933,0.3307,1.0000,true
1239.06,0.1280,0.4927,0.6898,0.3131,0.9897,true
1241.05,0.1980,0.3483,0.5141,0.3085,0.9342,true
1243.04,0.1347,0.4435,0.1483,0.3296,1.0000,true
1245.04,0.0700,0.4146,0.3056,0.3075,1.0000,true
1247.03,0.0646,0.4246,0.7568,0.3420,0.9843,true
1249.02,0.1661,0.2619,0.4786,0.4721,1.0000,true
1251.01,0.0583,0.1688,0.5467,0.3166,1.0000,true
1253.00,0.1849,0.4137,0.7993,0.2981,1.0000,true
1254.99,0.1701,0.3939,0.4817,0.3729,0.9545,true
1256.99,0.1796,0.2891,0.4869,0.4328,0.9121,true
1258.98,0.1668,0.4211,0.5246,0.4114,0.9996,true
1260.97,0.1902,0.4115,0.5107,0.4869,0.9420,true
1262.96,0.1723,0.4089,0.3836,0.3470,0.9081,true
1264.95,0.1489,0.1461,0.2783,0.3551,1.0000,true
1266.95,0.0921,0.3598,0.3656,0.4420,0.9136,true
1268.94,0.1009,0.1305,0.6454,0.3942,0.9025,true
1270.93,0.1472,0.1045,0.7365,0.3619,0.9142,true
1272.92,0.1896,0.2723,0.3405,0.3962,0.9384,true
1274.91,0.0900,0.1924,0.1475,0.3494,0.9700,true
1276.91,0.0612,0.2783,0.5391,0.2603,0.9053,true
1278.90,0.1059,0.2478,0.6534,0.2733,0.9158,true
1280.89,0.1193,0.1769,0.5599,0.3837,0.9420,true
1282.88,0.1295,0.2996,0.3082,0.4393,0.9460,true
1284.87,0.0501,0.4574,0.4075,0.3983,0.9274,true
1286.87,0.0970,0.3514,0.5650,0.3685,0.9308,true
1288.86,0.0756,0.3976,0.5687,0.2551,0.9202,true
1290.85,0.1238,0.4407,0.8315,0.2809,0.9655,true
1292.84,0.1993,0.4591,0.6135,0.4869,0.9340,true
1294.83,0.1672,0.3167,0.1113,0.4296,0.9466,true
1296.83,0.0576,0.3715,0.3546,0.2777,0.9211,true
1298.82,0.1151,0.2958,0.7181,0.3872,0.9271,true
1300.81,0.1395,0.1067,0.6061,0.4696,0.9307,true
1302.80,0.1557,0.2170,0.5537,0.3964,0.9908,true
1304.79,0.1609,0.2947,0.4058,0.3729,0.9998,true
1306.79,0.1226,0.4607,0.3327,0.2887,0.9726,true
1308.78,0.1007,0.2822,0.4193,0.4348,0.9295,true
1310.77,0.0944,0.1998,0.6035,0.3579,0.9425,true
1312.76,0.1404,0.3183,0.7587,0.4343,0.9224,true
1314.75,0.1912,0.1909,0.3132,0.4266,0.9193,true
1316.75,0.0731,0.2317,0.3666,0.2435,0.9257,true
1318.74,0.1436,0.4049,0.5997,0.3495,0.9770,true
1320.73,0.1114,0.3538,0.5523,0.4552,0.9976,true
1322.72,0.1644,0.1364,0.7196,0.4042,0.9745,true
1324.71,0.1938,0.4069,0.4917,0.3894,0.9282,true
1326.71,0.1629,0.1083,0.3820,0.4042,1.0000,true
1328.70,0.1519,0.4795,0.3983,0.3813,0.9504,true
1330.69,0.1269,0.2299,0.5423,0.3101,0.9477,true
1332.68,0.1690,0.1911,0.5623,0.4414,0.9501,true
1334.67,0.1514,0.4889,0.5308,0.3433,1.0000,true
1336.67,0.1819,0.1027,0.5595,0.4232,1.0000,true
1338.66,0.1749,0.3374,0.4942,0.3536,0.9641,true
1340.65,0.1813,0.4664,0.1691,0.4273,0.9584,true
1342.64,0.0545,0.3260,0.5026,0.2481,0.9804,true
1344.63,0.1838,0.2504,0.5495,0.4308,0.9859,true
1346.63,0.0742,0.2307,0.1515,0.2388,1.0000,true
1348.62,0.0569,0.3583,0.6106,0.3387,0.9823,true
1350.61,0.1165,0.4191,0.6888,0.3395,1.0000,true
1352.60,0.1280,0.4418,0.5187,0.3097,0.9971,true
1354.59,0.1250,0.2700,0.3648,0.4617,0.9759,true
1356.59,0.0797,0.2530,0.3886,0.4245,0.9787,true
1358.58,0.0854,0.3791,0.7079,0.3377,0.9561,true
1360.57,0.1578,0.2087,0.4527,0.3046,0.9710,true
1362.56,0.0695,0.3869,0.3499,0.3399,0.9733,true
1364.55,0.1041,0.3212,0.5078,0.4354,0.9596,true
1366.55,0.0739,0.3277,0.7118,0.2922,1.0000,true
1368.54,0.1836,0.4865,0.7453,0.4317,1.0000,true
1370.53,0.1659,0.2386,0.4672,0.4633,0.9580,true
1372.52,0.1731,0.2744,0.4518,0.4483,1.0000,true
1374.51,0.1496,0.2888,0.3934,0.3183,1.0000,true
1376.51,0.1353,0.1385,0.6287,0.3127,0.9760,true
1378.50,0.1986,0.1808,0.5170,0.3758,0.9749,true
1380.49,0.1431,0.1292,0.3601,0.3362,1.0000,true
1382.48,0.1486,0.1404,0.5534,0.2852,0.9442,true
1384.47,0.1644,0.3887,0.5646,0.4093,0.9888,true
1386.47,0.1739,0.3375,0.5921,0.4690,1.0000,true
1388.46,0.1998,0.4902,0.4133,0.3528,0.9261,true
1390.45,0.1435,0.4417,0.0995,0.4465,0.9206,true
1392.44,0.0538,0.1742,0.5825,0.2916,0.9368,true
1394.43,0.1754,0.2818,0.6916,0.3573,0.9875,true
1396.43,0.1259,0.4101,0.2774,0.3101,0.9242,true
1398.42,0.0949,0.1320,0.6106,0.2484,0.9603,true
1400.41,0.1682,0.3148,0.6115,0.4464,0.9890,true
1402.40,0.1375,0.3642,0.1784,0.4025,0.9132,true
1404.39,0.0512,0.3251,0.3139,0.3953,0.9041,true
1406.39,0.0705,0.4089,0.8477,0.3746,0.9502,true
1408.38,0.1809,0.2784,0.4818,0.3641,0.9229,true
1410.37,0.0653,0.1492,0.4410,0.3377,0.9305,true
1412.36,0.1607,0.1987,0.8382,0.3235,0.9075,true
1414.35,0.1915,0.4812,0.3358,0.3032,0.9196,true
1416.35,0.1017,0.4049,0.1162,0.3559,0.9361,true
1418.34,0.0516,0.1836,0.5951,0.2826,0.9036,true
1420.33,0.1383,0.1110,0.8692,0.3619,0.9214,true
1422.32,0.1891,0.2839,0.5111,0.3837,0.9123,true
1424.31,0.1439,0.3841,0.4592,0.3484,0.9392,true
1426.31,0.1756,0.1938,0.6052,0.3860,0.9579,true
1428.30,0.1842,0.2625,0.2984,0.4459,0.8809,true
1430.29,0.1029,0.3271,0.2641,0.3073,0.9381,true
1432.28,0.0988,0.2712,0.6639,0.3808,0.9269,true
1434.27,0.1648,0.4326,0.5886,0.4281,0.9687,true
1436.27,0.1330,0.4129,0.2642,0.3495,0.9751,true
1438.26,0.0795,0.2089,0.3419,0.2760,0.9143,true
1440.25,0.0762,0.4848,0.7846,0.3315,0.8803,true
1442.24,0.1859,0.1927,0.7844,0.3465,0.9023,true
1444.23,0.1826,0.3402,0.3911,0.3766,0.8740,true
1446.23,0.1473,0.1885,0.4476,0.3331,0.9329,true
1448.22,0.1648,0.2163,0.5432,0.3601,0.9350,true
1450.21,0.1647,0.3952,0.3210,0.3052,0.8950,true
1452.20,0.1004,0.3454,0.2009,0.3475,0.9622,true
1454.19,0.0560,0.3592,0.5390,0.2663,0.9125,true
1456.19,0.1163,0.1641,0.6555,0.3945,0.9508,true
1458.18,0.1148,0.4851,0.4316,0.3932,0.8807,true
1460.17,0.0926,0.4874,0.4772,0.3488,0.9615,true
1462.16,0.1080,0.4454,0.7350,0.4476,0.9485,true
1464.15,0.1807,0.2951,0.3775,0.4635,0.9223,true
1466.15,0.0644,0.1234,0.3013,0.3209,0.9717,true
1468.14,0.1090,0.4552,0.6499,0.2690,0.8949,true
1470.13,0.1211,0.4471,0.5832,0.3886,0.9015,true
1472.12,0.1412,0.2032,0.3369,0.4557,0.9556,true
1474.11,0.0626,0.1484,0.4851,0.2360,0.8940,true
1476.11,0.1373,0.2645,0.8280,0.3217,0.9048,true
1478.10,0.1850,0.3546,0.4425,0.4570,0.8965,true
1480.09,0.1176,0.2414,0.1892,0.4472,0.9016,true
1482.08,0.0720,0.2991,0.3509,0.4161,0.8950,true
1484.07,0.0642,0.4733,0.5829,0.3396,0.9739,true
1486.07,0.1041,0.3883,0.6415,0.4008,0.9001,true
1488.06,0.1179,0.1603,0.6547,0.4546,0.9665,true
1490.05,0.1626,0.1336,0.4452,0.3844,0.9042,true
1492.04,0.0992,0.3372,0.4924,0.2744,0.8857,true
1494.03,0.1613,0.3246,0.6889,0.3007,0.8882,true
1496.03,0.1703,0.4052,0.5170,0.2961,0.9681,true
1498.02,0.1692,0.3123,0.3370,0.3166,0.9685,true
1500.01,0.1118,0.2783,0.1786,0.3679,0.9734,true
1502.00,0.0522,0.3264,0.6203,0.3124,0.8913,true
1503.99,0.1577,0.1299,0.7551,0.3275,0.9371,true
1505.99,0.1478,0.1822,0.5730,0.4501,0.9483,true
1507.98,0.1861,0.2303,0.4641,0.4225,0.9432,true
1509.97,0.1361,0.4408,0.4656,0.2921,0.9292,true
1511.96,0.1750,0.4143,0.5497,0.3732,0.9026,true
1513.95,0.1559,0.1118,0.3695,0.4023,0.9059,true
1515.95,0.1284,0.1056,0.2411,0.3237,0.9053,true
1517.94,0.0620,0.1790,0.3026,0.3538,0.9851,true
1519.93,0.0572,0.3232,0.5973,0.3665,0.9433,true
1521.92,0.0994,0.4591,0.4841,0.2912,0.9738,true
1523.91,0.0528,0.1897,0.4993,0.4038,1.0000,true
1525.91,0.1007,0.1588,0.5310,0.2688,1.0000,true
1527.90,0.0658,0.2522,0.6639,0.2920,0.9410,true
1529.89,0.1626,0.3655,0.7941,0.3580,0.9315,true
1531.88,0.1757,0.2945,0.4144,0.4522,0.9947,true
1533.87,0.1326,0.3363,0.4872,0.3586,0.9575,true
1535.87,0.1725,0.1107,0.6436,0.4337,0.9893,true
1537.86,0.1871,0.1772,0.3823,0.3929,0.9457,true
1539.85,0.1307,0.1566,0.3594,0.3876,0.9826,true
1541.84,0.1368,0.3461,0.5181,0.4431,1.0000,true
1543.83,0.1389,0.4131,0.3512,0.4689,1.0000,true
1545.83,0.0835,0.2085,0.3729,0.2877,0.9769,true
1547.82,0.0936,0.1241,0.7822,0.4184,0.9706,true
1549.81,0.1890,0.1552,0.7040,0.4076,0.9817,true
1551.80,0.1703,0.4396,0.4936,0.4156,1.0000,true
1553.79,0.1882,0.2512,0.5546,0.4703,1.0000,true
1555.79,0.1919,0.4152,0.5046,0.4707,1.0000,true
1557.78,0.1914,0.1218,0.4850,0.4381,1.0000,true
1559.77,0.1879,0.4824,0.1664,0.4026,1.0000,true
1561.76,0.0700,0.3618,0.2250,0.3444,1.0000,true
1563.75,0.0881,0.1764,0.6554,0.3869,1.0000,true
1565.75,0.1288,0.4793,0.6033,0.4040,0.9992,true
1567.74,0.1277,0.2872,0.6224,0.4159,1.0000,true
1569.73,0.1755,0.1445,0.5862,0.3183,1.0000,true
1571.72,0.1610,0.4482,0.5526,0.3486,0.9766,true
1573.71,0.1964,0.1276,0.5652,0.4301,1.0000,true
1575.71,0.1866,0.1154,0.3467,0.4678,1.0000,true
1577.70,0.1414,0.1320,0.1762,0.3393,1.0000,true
1579.69,0.0688,0.4268,0.5274,0.3410,0.9617,true
1581.68,0.1530,0.2552,0.7206,0.4516,0.9952,true
1583.67,0.1516,0.4811,0.4623,0.2983,1.0000,true
1585.67,0.1407,0.2872,0.2241,0.3789,0.9532,true
1587.66,0.0515,0.4707,0.2694,0.2977,0.9383,true
1589.65,0.0573,0.3698,0.5762,0.3354,0.9916,true
1591.64,0.0811,0.3009,0.5521,0.3538,1.0000,true
1593.63,0.0780,0.1719,0.5551,0.2565,1.0000,true
1595.63,0.1029,0.4302,0.8053,0.4474,0.9615,true
1597.62,0.1920,0.3368,0.4038,0.3313,1.0000,true
1599.61,0.0690,0.4282,0.3762,0.3442,0.9205,true
1601.60,0.1479,0.2548,0.6989,0.2748,1.0000,true
1603.59,0.1438,0.2959,0.2967,0.3956,0.9264,true
1605.59,0.0746,0.2406,0.4206,0.3830,0.9486,true
1607.58,0.1161,0.2078,0.7114,0.4493,0.9183,true
1609.57,0.1540,0.2000,0.3595,0.4427,0.9075,true
1611.56,0.0659,0.2304,0.4843,0.2427,0.9224,true
1613.55,0.1497,0.3128,0.6058,0.3881,0.9487,true
1615.55,0.1064,0.4326,0.2642,0.3241,0.9055,true
1617.54,0.0644,0.4826,0.4042,0.2676,0.9207,true
1619.53,0.0726,0.1670,0.7008,0.2620,0.9855,true
1621.52,0.1399,0.1900,0.6738,0.3294,0.9126,true
1623.51,0.1382,0.2651,0.3314,0.3149,0.9788,true
1625.51,0.0793,0.3305,0.6217,0.3478,0.9752,true
1627.50,0.1846,0.3127,0.6541,0.3237,0.9462,true
1629.49,0.1376,0.3877,0.3772,0.4240,0.9290,true
1631.48,0.1408,0.4298,0.3674,0.3766,0.9354,true
1633.47,0.0903,0.1441,0.4707,0.3222,0.9248,true
1635.47,0.1316,0.4272,0.4083,0.3975,0.9187,true
1637.46,0.0581,0.2443,0.5483,0.4138,0.9393,true
1639.45,0.1509,0.1625,0.4909,0.3716,0.9350,true
1641.44,0.0562,0.3478,0.3617,0.3850,0.9625,true
1643.43,0.1015,0.4639,0.8092,0.4448,0.9526,true
1645.43,0.1717,0.2156,0.7492,0.4254,0.8888,true
1647.42,0.1948,0.1967,0.2286,0.4291,0.8810,true
1649.41,0.0732,0.3075,0.2899,0.3398,0.9547,true
1651.40,0.1190,0.2916,0.7212,0.4287,0.9028,true
1653.39,0.1562,0.2851,0.5335,0.4140,0.9176,true
1655.39,0.1329,0.1378,0.3676,0.3510,0.9711,true
1657.38,0.1090,0.4211,0.2819,0.3754,0.9272,true
1659.37,0.0540,0.4577,0.7070,0.2700,0.9493,true
1661.36,0.1868,0.1277,0.5211,0.3533,0.8974,true
1663.35,0.0633,0.4051,0.3514,0.4225,0.8889,true
1665.35,0.1336,0.1950,0.8170,0.3148,0.9306,true
1667.34,0.1817,0.3535,0.4889,0.3968,0.8857,true
1669.33,0.1310,0.1343,0.5075,0.3200,0.8877,true
1671.32,0.1860,0.4671,0.4223,0.3250,0.9023,true
1673.31,0.1039,0.3935,0.3491,0.2825,0.8735,true
1675.31,0.1319,0.3425,0.3995,0.4423,0.9545,true
1677.30,0.0684,0.3963,0.4647,0.3681,0.8795,true
1679.29,0.1204,0.1903,0.5983,0.3683,0.8917,true
1681.28,0.1062,0.4989,0.6753,0.4309,0.9645,true
1683.27,0.1865,0.3674,0.5851,0.4648,0.9156,true
1685.27,0.1391,0.3716,0.1558,0.3153,0.8878,true
1687.26,0.0612,0.2516,0.6167,0.3339,0.9130,true
1689.25,0.1836,0.3092,0.7888,0.3498,0.8773,true
1691.24,0.1692,0.3756,0.1993,0.4650,0.9658,true
1693.23,0.0744,0.2996,0.2492,0.3622,0.9098,true
1695.23,0.0783,0.1743,0.4948,0.2699,0.8896,true
1697.22,0.0740,0.3895,0.4844,0.3038,0.9520,true
1699.21,0.0741,0.4991,0.4833,0.3931,0.9470,true
1701.20,0.0693,0.2512,0.5996,0.2512,0.8813,true
1703.19,0.1123,0.3164,0.4979,0.2915,0.9546,true
1705.19,0.0701,0.3635,0.6192,0.3492,0.9222,true
1707.18,0.1578,0.4697,0.6995,0.4685,0.9078,true
1709.17,0.1451,0.2911,0.5038,0.4585,0.8955,true
1711.16,0.1607,0.1286,0.5458,0.3729,0.8805,true
1713.15,0.1635,0.1449,0.4712,0.2847,0.8926,true
1715.15,0.1517,0.2980,0.2486,0.4571,0.8855,true
1717.14,0.0724,0.1404,0.2741,0.2471,0.9481,true
1719.13,0.0699,0.4953,0.5836,0.3379,0.9147,true
1721.12,0.1048,0.4049,0.5326,0.2884,0.9240,true
1723.11,0.0835,0.4017,0.5145,0.3723,0.9087,true
1725.11,0.1117,0.1774,0.5029,0.2685,0.9405,true
1727.10,0.0861,0.4420,0.4086,0.3505,0.9176,true
1729.09,0.0795,0.2506,0.7858,0.4130,0.8895,true
1731.08,0.1929,0.1554,0.4550,0.4960,0.9195,true
1733.07,0.0644,0.4773,0.3928,0.3679,0.9481,true
1735.07,0.1549,0.4242,0.4624,0.3019,0.8974,true
1737.06,0.0521,0.3618,0.4771,0.4235,0.8727,true
1739.05,0.1480,0.1442,0.5060,0.2960,0.9156,true
1741.04,0.0559,0.1434,0.5349,0.3837,0.9060,true
1743.03,0.1624,0.1445,0.4820,0.3271,0.8949,true
1745.03,0.0508,0.3163,0.3535,0.4032,0.8952,true
1747.02,0.1100,0.1357,0.8441,0.4475,0.9333,true
1749.01,0.1791,0.2762,0.5485,0.4469,0.9286,true
1751.00,0.1294,0.3222,0.2624,0.4312,0.8812,true
1752.99,0.0931,0.1629,0.6561,0.2928,0.8842,true
1754.98,0.1885,0.3646,0.6059,0.4497,0.9653,true
1756.98,0.1336,0.4861,0.1868,0.3147,0.9027,true
1758.97,0.0746,0.2148,0.3210,0.2857,0.9602,true
1760.96,0.0692,0.3365,0.4994,0.3582,0.9542,true
1762.95,0.0759,0.4677,0.5331,0.3790,0.8870,true
1764.94,0.0829,0.1397,0.8297,0.3634,0.8752,true
1766.94,0.1989,0.4324,0.4229,0.4151,0.8754,true
1768.93,0.0561,0.3733,0.3128,0.2780,0.8788,true
1770.92,0.1314,0.4664,0.6290,0.4113,0.9585,true
1772.91,0.1051,0.1142,0.5184,0.2716,0.9016,true
1774.90,0.1397,0.4338,0.4557,0.3560,0.8974,true
1776.90,0.0904,0.4013,0.4106,0.2845,0.8770,true
1778.89,0.1083,0.1288,0.7623,0.4237,0.9297,true
1780.88,0.1885,0.3506,0.6889,0.3705,0.9254,true
1782.87,0.1794,0.2194,0.2181,0.4398,0.9667,true
1784.86,0.0862,0.4630,0.4427,0.3165,0.8939,true
1786.86,0.1599,0.2682,0.7299,0.3265,0.9284,true
1788.85,0.1724,0.3971,0.4325,0.4218,0.9689,true
1790.84,0.1365,0.1664,0.3357,0.3921,0.8862,true
1792.83,0.1134,0.1171,0.5603,0.4519,0.9513,true
1794.82,0.1603,0.2554,0.4486,0.4364,0.9653,true
1796.82,0.0960,0.4048,0.5310,0.3919,0.8741,true
1798.81,0.1732,0.3197,0.4811,0.3359,0.9662,true
1800.80,0.0906,0.3782,0.3853,0.3543,0.9128,true
1802.79,0.1325,0.1896,0.4748,0.2717,0.8847,true
1804.78,0.0828,0.1341,0.5207,0.2577,0.9657,true
1806.78,0.1417,0.4699,0.5090,0.4169,0.8739,true
1808.77,0.0877,0.3340,0.2683,0.2690,0.9597,true
1810.76,0.0578,0.4523,0.5996,0.3320,0.9696,true
1812.75,0.1259,0.3014,0.4965,0.4199,0.8874,true
1814.74,0.0581,0.2114,0.5269,0.4169,0.9037,true
1816.74,0.1374,0.4293,0.5127,0.4220,0.8894,true
1818.73,0.0643,0.2680,0.3040,0.2445,0.8881,true
1820.72,0.0667,0.2043,0.7001,0.3740,0.9503,true
1822.71,0.1396,0.3638,0.5439,0.2795,0.9174,true
1824.70,0.0844,0.2946,0.2859,0.4074,0.9164,true
1826.70,0.0622,0.4526,0.4390,0.3152,0.9392,true
1828.69,0.0634,0.3516,0.6164,0.3862,0.9506,true
1830.68,0.1066,0.2652,0.7034,0.3487,0.9663,true
1832.67,0.1399,0.2794,0.5806,0.3358,0.8999,true
1834.66,0.1378,0.2791,0.2838,0.4194,0.9100,true
1836.66,0.0618,0.1169,0.6435,0.3408,0.8814,true
1838.65,0.1922,0.4986,0.6116,0.3743,0.9266,true
1840.64,0.1044,0.2021,0.4161,0.2591,0.8936,true
1842.63,0.1629,0.4019,0.4826,0.4602,0.9435,true
1844.62,0.0996,0.3236,0.2974,0.3636,0.9394,true
1846.62,0.0897,0.2677,0.5448,0.3197,0.9021,true
1848.61,0.1176,0.2921,0.3884,0.4352,0.9063,true
1850.60,0.0501,0.3065,0.5494,0.3594,0.9277,true
1852.59,0.1373,0.4443,0.5126,0.3782,0.9033,true
1854.58,0.0563,0.2426,0.4277,0.3639,0.9234,true
1856.58,0.1122,0.2220,0.4871,0.4092,0.9302,true
1858.57,0.0531,0.3989,0.5232,0.3107,0.9359,true
1860.56,0.1223,0.3278,0.5555,0.3231,0.9648,true
1862.55,0.0751,0.3652,0.3238,0.4124,0.9322,true
1864.54,0.0589,0.2916,0.6393,0.2882,0.8944,true
1866.54,0.1279,0.3674,0.5260,0.3502,0.9385,true
1868.53,0.0700,0.4089,0.5468,0.2514,0.8850,true
1870.52,0.1467,0.1819,0.7409,0.3476,0.9018,true
1872.51,0.1603,0.1930,0.2594,0.4495,0.9001,true
1874.50,0.0596,0.2152,0.5380,0.4297,0.9334,true
1876.50,0.1758,0.4251,0.5724,0.3067,0.9467,true
1878.49,0.0878,0.2357,0.1735,0.3819,0.9139,true
1880.48,0.0570,0.3273,0.5420,0.2523,0.8820,true
1882.47,0.1048,0.2168,0.6398,0.2653,0.8795,true
1884.46,0.1101,0.2050,0.7382,0.3853,0.9213,true
1886.46,0.1941,0.3078,0.7255,0.4511,0.8876,true
1888.45,0.1947,0.3882,0.3239,0.3601,0.9271,true
1890.44,0.1307,0.2757,0.4317,0.3800,0.9185,true
1892.43,0.1711,0.2813,0.6299,0.4767,0.9639,true
1894.42,0.1801,0.2927,0.5314,0.3497,0.9562,true
1896.42,0.1842,0.3514,0.2804,0.3805,0.8768,true
1898.41,0.1007,0.3783,0.4194,0.3802,0.9509,true
1900.40,0.1560,0.3347,0.6762,0.4354,0.8779,true
1902.39,0.1672,0.2759,0.3149,0.3197,0.9383,true
1904.38,0.0893,0.1913,0.5470,0.3690,0.9487,true
1906.38,0.1860,0.4391,0.6145,0.4156,0.9510,true
1908.37,0.1330,0.1544,0.2358,0.4655,0.9459,true
1910.36,0.0902,0.2759,0.4213,0.4244,0.9090,true
1912.35,0.1056,0.2470,0.5588,0.4064,0.9344,true
1914.34,0.1134,0.4136,0.7510,0.3498,0.9069,true
1916.34,0.1996,0.2311,0.4029,0.4241,0.9207,true
1918.33,0.0792,0.3425,0.2767,0.3146,0.8785,true
1920.32,0.1188,0.1062,0.6129,0.4156,0.9356,true
1922.31,0.1223,0.3063,0.3595,0.4481,0.9470,true
1924.30,0.0686,0.4199,0.3753,0.3577,0.9496,true
1926.30,0.0779,0.1725,0.8120,0.2967,0.9051,true
1928.29,0.1851,0.2821,0.8049,0.3735,0.8900,true
1930.28,0.1917,0.4865,0.2684,0.4146,0.9201,true
1932.27,0.1013,0.4560,0.3954,0.3463,0.8792,true
1934.26,0.1547,0.2323,0.4457,0.4400,0.8942,true
1936.26,0.0828,0.4972,0.5482,0.3493,0.8984,true
1938.25,0.1740,0.2504,0.5580,0.4249,0.9364,true
1940.24,0.1057,0.3714,0.4993,0.2988,0.9375,true
1942.23,0.1753,0.3943,0.3752,0.3506,0.9477,true
1944.22,0.0612,0.2288,0.5298,0.3519,0.9625,true
1946.22,0.1878,0.3626,0.6110,0.4399,0.9667,true
1948.21,0.1037,0.4636,0.5056,0.2708,0.9042,true
1950.20,0.1914,0.1470,0.6284,0.4739,0.9186,true
1952.19,0.1525,0.4108,0.3232,0.4361,0.9622,true
1954.18,0.1278,0.1192,0.5707,0.3105,0.9379,true
1956.18,0.1801,0.1970,0.5646,0.4842,0.8928,true
1958.17,0.1531,0.4353,0.3393,0.2931,0.8811,true
1960.16,0.1224,0.1670,0.3321,0.2988,0.9081,true
1962.15,0.0928,0.2605,0.5382,0.4422,0.9521,true
1964.14,0.1381,0.1260,0.5565,0.4460,0.8872,true
1966.14,0.1151,0.3959,0.5420,0.3604,0.8950,true
1968.13,0.1551,0.4481,0.4798,0.4257,0.9382,true
1970.12,0.1092,0.3637,0.5961,0.3628,0.9130,true
1972.11,0.1920,0.3049,0.4556,0.3580,0.9025,true
1974.10,0.0944,0.3499,0.2849,0.4359,0.9455,true
1976.10,0.1143,0.3259,0.7550,0.3819,0.8861,true
1978.09,0.1899,0.3802,0.3859,0.4482,0.9442,true
1980.08,0.0738,0.4638,0.5143,0.3425,0.9569,true
1982.07,0.1966,0.3531,0.5764,0.3319,0.9346,true
1984.06,0.1035,0.4033,0.4596,0.2843,0.8914,true
1986.06,0.1833,0.2913,0.4123,0.4455,0.8956,true
1988.05,0.0727,0.2325,0.3605,0.3376,0.9395,true
1990.04,0.1334,0.2323,0.4915,0.3824,0.8749,true
1992.03,0.0711,0.1855,0.3166,0.3341,0.8924,true
1994.02,0.0674,0.3820,0.5395,0.4139,0.9238,true
1996.02,0.0871,0.3923,0.6884,0.3631,0.8746,true
1998.01,0.1384,0.2597,0.5574,0.4096,0.8710,true
2000.00,0.1098,0.3894,0.3409,0.3445,0.9492,true
